seed,policy,episode_count,avg_reward,avg_served_trips,avg_unmet_demand,avg_bikes_moved,avg_overflow_bikes
7,baseline_no_op,27,109.33333333333333,148.7037037037037,12.481481481481481,0.0,28.814814814814813
7,heuristic_demand_profile,27,122.45185185185181,153.11111111111111,8.074074074074074,9.11111111111111,28.11111111111111
7,trained_dqn_policy,27,123.6259259259259,152.88888888888889,8.296296296296296,20.074074074074073,23.333333333333332
11,baseline_no_op,27,109.33333333333333,148.7037037037037,12.481481481481481,0.0,28.814814814814813
11,heuristic_demand_profile,27,122.45185185185181,153.11111111111111,8.074074074074074,9.11111111111111,28.11111111111111
11,trained_dqn_policy,27,113.6074074074074,150.59259259259258,10.592592592592593,25.25925925925926,29.074074074074073
19,baseline_no_op,27,109.33333333333333,148.7037037037037,12.481481481481481,0.0,28.814814814814813
19,heuristic_demand_profile,27,122.45185185185181,153.11111111111111,8.074074074074074,9.11111111111111,28.11111111111111
19,trained_dqn_policy,27,116.94629629629627,151.25925925925927,9.925925925925926,26.62962962962963,26.25925925925926
